"security_id","symbol","name","series","tick_size","lot_size","instrument_type","segment","exchange","upper_limit","lower_limit","expiry_date","strike_price","freeze_quantity"
"19084","ITBEES","Nippon India Nifty IT ETF","EQ","1.0000","1","ETF","E","NSE","50.9800","33.9900","","","2352953"
"11319","LICNETFN50","LIC Nifty ETF","EQ","1.0000","1","ETF","E","NSE","318.2400","212.1600","","","377069"
"6353","NIFTYETF","Mirae Asset Nifty 50 ETF","EQ","1.0000","1","ETF","E","NSE","308.3500","205.5600","","","389130"
"18284","HNGSNGBEES","Nippon India Hang Sen ETF","EQ","1.0000","1","ETF","E","NSE","314.5200","209.6800","","","381526"
"22243","EBBETF0425","Edelweiss BHARAT Bond ETF","EQ","1.0000","1","ETF","E","NSE","1476.9000","984.6000","","","81244"
"10576","NIFTYBEES","Nippon India Nifty Bees ETF","EQ","1.0000","1","ETF","E","NSE","322.8900","215.2600","","","370839"
"17700","LTGILTBEES","Nippon Long Term Gilt ETF","EQ","1.0000","1","ETF","E","NSE","31.6800","21.1200","","","3787148"
"590095","GOLDBEES","Nippon India Gold Bees ETF","E","1.0000","1","ETF","E","BSE","71.4600","47.6400","","","-1"
"11441","LICNETFSEN","LIC Sensex ETF","EQ","1.0000","1","ETF","E","NSE","1051.5600","701.0400","","","114115"
"19289","MOM50","Motilal Oswal M50 ETF","EQ","1.0000","1","ETF","E","NSE","296.8000","197.8700","","","57214"
"11457","NV20","Kotak NV 20 ETF","EQ","1.0000","1","ETF","E","NSE","186.7300","124.4800","","","149805"
"7361","SETFNIFBK","SBI Nifty Bank ETF","EQ","1.0000","1","ETF","E","NSE","607.5400","405.0300","","","185402"
"2636","DIVOPPBEES","Nip ETF Div Opportunities","EQ","1.0000","1","ETF","E","NSE","100.4800","66.9900","","","252201"
"1927","LIQUIDETF","DSP Liquid ETF","EQ","1.0000","1","ETF","E","NSE","1200.0000","800.0000","","","99990"
"22440","UTIBANKETF","UTI Bank ETF","EQ","1.0000","1","ETF","E","NSE","61.1200","40.7500","","","1962690"
"19679","GOLDIETF","ICICI Prudential Gold ETF","EQ","1.0000","1","ETF","E","NSE","73.5900","49.0600","","","1630091"
"15229","LICNFNHGP","LIC Nifty 100 ETF","EQ","1.0000","1","ETF","E","NSE","325.5700","217.0400","","","368569"
"590097","GOLD1","Kotak Mahindra Gold ETF","E","1.0000","1","ETF","E","BSE","71.8600","47.9100","","","-1"
"29577","NIF100BEES","Nippon India Nifty 100 ETF","EQ","1.0000","1","ETF","E","NSE","316.7000","211.1300","","","320028"
"25640","LICMFGOLD","IDBI Gold ETF","EQ","5.0000","1","ETF","E","NSE","7717.1000","5144.8000","","","6441"
"590113","HNGSNGBEES","Nippon India Hang Sen ETF","E","1.0000","1","ETF","E","BSE","314.5200","209.6800","","","-1"
"17181","NEXT50","Mirae Asset Nifty Next 50 ETF","EQ","1.0000","1","ETF","E","NSE","873.3700","582.2400","","","113025"
"29553","NIFTYIETF","ICICI Prudential Nifty India","EQ","1.0000","1","ETF","E","NSE","321.1600","214.1100","","","373444"
"11591","HDFCNIFTY","HDFCNIFTY","EQ","1.0000","1","ETF","E","NSE","319.5000","213.0000","","","375483"
"18292","IVZINGOLD","Invesco India Gold ETF","EQ","5.0000","1","ETF","E","NSE","7494.0500","4996.0500","","","6152"
"17044","SHARIABEES","Nippon India Shariah ETF","EQ","1.0000","1","ETF","E","NSE","680.7800","453.8500","","","12509"
"12978","NPBET","Tata Private Bank ETF","EQ","1.0000","1","ETF","E","NSE","306.7600","204.5100","","","12059"
"5851","BANKNIFTY1","Kotak Banking ETF","EQ","1.0000","1","ETF","E","NSE","613.7600","409.1700","","","195411"
"7218","SBIETFQLTY","SBI Quality ETF","EQ","1.0000","1","ETF","E","NSE","278.0100","185.3400","","","67921"
"533244","GOLDIETF","ICICI Prudential Gold ETF","E","1.0000","1","ETF","E","BSE","73.5900","49.0600","","","-1"
"21252","AXISNIFTY","Axis Nifty ETF","EQ","1.0000","1","ETF","E","NSE","313.7700","209.1800","","","382436"
"9847","NV20BEES","Nippon India Nv20 ETF","EQ","1.0000","1","ETF","E","NSE","187.5600","125.0400","","","346129"
"15061","PSUBANK","Kotak Mahindra PSU Bank ETF","EQ","1.0000","1","ETF","E","NSE","812.0600","541.3700","","","147766"
"6062","LICNETFGSC","LIC MF G-SEC Long Term ETF","EQ","1.0000","1","ETF","E","NSE","31.2000","20.8000","","","3845479"
"10176","SETFNIF50","SBI Nifty 50 ETF","EQ","1.0000","1","ETF","E","NSE","305.2200","203.4800","","","392899"
"522","ICICIB22","ICICI Bharat 22 ETF","EQ","1.0000","1","ETF","E","NSE","137.0500","91.3600","","","874812"
"533570","AXISGOLD","Axis Gold ETF","E","1.0000","1","ETF","E","BSE","71.8200","47.8800","","","-1"
"4378","SENSEXIETF","ICICI Prudential Sensex ETF","EQ","1.0000","1","ETF","E","NSE","1068.5100","712.3400","","","112223"
"7353","SETFNN50","SBI Nifty Next 50 ETF","EQ","1.0000","1","ETF","E","NSE","907.0600","604.7100","","","18231"
"17395","SETF10GILT","SBI 10 year Gilt ETF","EQ","1.0000","1","ETF","E","NSE","283.4200","188.9500","","","45409"
"533172","IVZINGOLD","Invesco India Gold ETF","E","1.0000","1","ETF","E","BSE","7494.0400","4996.0300","","","-1"
"533719","LICMFGOLD","IDBI Gold ETF","E","1.0000","1","ETF","E","BSE","7717.1100","5144.7400","","","-1"
"15032","PSUBNKBEES","Nippon India PSU Bank ETF","EQ","1.0000","1","ETF","E","NSE","90.5800","60.3900","","","1324657"
"11439","BANKBEES","Nippon India Bank Bees ETF","EQ","1.0000","1","ETF","E","NSE","612.7400","408.4900","","","195719"
"18783","IDFNIFTYET","IDFC Nifty ETF","EQ","1.0000","1","ETF","E","NSE","313.5600","209.0400","","","4673"
"10515","UTISENSETF","UTI Sensex ETF","EQ","1.0000","1","ETF","E","NSE","1029.8800","686.5900","","","116366"
"14535","GOLDSHARE","UTI Gold ETF","EQ","5.0000","1","ETF","E","NSE","71.8000","47.9000","","","1670693"
"16253","EBBETF0430","Bharat Bond ETF - April 2030","EQ","1.0000","1","ETF","E","NSE","1675.0000","1116.6700","","","71521"
"533385","MON100","Motilal Oswal Nasdaq ETF","E","1.0000","1","ETF","E","BSE","187.0500","124.7000","","","-1"
"21423","MOM100","Motilal Oswal M100 ETF","EQ","1.0000","1","ETF","E","NSE","72.5400","48.3600","","","1654223"
"7838","NETF","Tata Nifty ETF","EQ","1.0000","1","ETF","E","NSE","308.7900","205.8600","","","388597"
"20532","AXISGOLD","Axis Gold ETF","EQ","1.0000","1","ETF","E","NSE","71.8200","47.8800","","","1670833"
"24217","IVZINNIFTY","Invesco India Nifty ETF","EQ","1.0000","1","ETF","E","NSE","3254.5000","2169.6700","","","10682"
"9168","UTISXN50","UTI Sensex Next 50 ETF","EQ","1.0000","1","ETF","E","NSE","104.9500","69.9600","","","72430"
"14428","GOLDBEES","Nippon India Gold Bees ETF","EQ","1.0000","1","ETF","E","NSE","71.4600","47.6400","","","1677279"
"590101","GOLDSHARE","UTI Gold ETF","E","1.0000","1","ETF","E","BSE","71.8400","47.8900","","","-1"
"10939","JUNIORBEES","Nippon India Junior Bees ETF","EQ","1.0000","1","ETF","E","NSE","915.8800","610.5900","","","130994"
"18102","NIFTY1","Kotak Nifty ETF","EQ","1.0000","1","ETF","E","NSE","314.4700","209.6400","","","381499"
"16819","QNIFTY","Quantum Nifty ETF","EQ","1.0000","1","ETF","E","NSE","3123.4900","2082.3200","","","7362"
"2328","CPSEETF","CPSE ETF","EQ","1.0000","1","ETF","E","NSE","120.3300","80.2200","","","996197"
"14858","GOLD1","Kotak Mahindra Gold ETF","EQ","1.0000","1","ETF","E","NSE","71.8600","47.9100","","","1669052"
"4838","LIQUIDIETF","ICICI Liquid ETF","EQ","1.0000","1","ETF","E","NSE","1200.0000","800.0000","","","99974"
"22739","MON100","Motilal Oswal Nasdaq ETF","EQ","1.0000","1","ETF","E","NSE","187.0500","124.7000","","","641203"
"22239","EBBETF0431","Bharat Bond ETF April 2031","EQ","1.0000","1","ETF","E","NSE","1497.3700","998.2400","","","80045"
"8506","MID150BEES","Nippon Nifty Midcap 150 ETF","EQ","1.0000","1","ETF","E","NSE","257.6800","171.7900","","","465597"
"2435","CONSUMBEES","Nippo India Consumption ETF","EQ","1.0000","1","ETF","E","NSE","154.1000","102.7300","","","218930"
"4529","NEXT50IETF","ICICI Next 50 ETF","EQ","1.0000","1","ETF","E","NSE","89.3500","59.5600","","","1342913"
"722","SBIETFPB","SBI Private Bank ETF","EQ","1.0000","1","ETF","E","NSE","302.5500","201.7000","","","26908"
"740","SBIETFIT","SBI IT ETF","EQ","1.0000","1","ETF","E","NSE","508.9800","339.3200","","","18833"
"1044","AXISBNKETF","Axis Banking ETF","EQ","1.0000","1","ETF","E","NSE","610.0800","406.7200","","","167694"
"1143","SDL24BEES","Nippon Nifty CPSE SDL 24 ETF","EQ","1.0000","1","ETF","E","NSE","148.1000","98.7300","","","810131"
"1200","ESG","Mirae ESG Sector Leaders ETF","EQ","1.0000","1","ETF","E","NSE","48.9300","32.6200","","","993696"
"1507","MOGSEC","Motilal Oswal 5 yr GSec ETF","EQ","1.0000","1","ETF","E","NSE","68.2900","45.5200","","","515683"
"533230","HDFCGOLD","HDFCGOLD","E","1.0000","1","ETF","E","BSE","73.7400","49.1600","","","-1"
"19543","HDFCGOLD","HDFCGOLD","EQ","1.0000","1","ETF","E","NSE","73.7400","49.1600","","","1627081"
"2627","IT","Kotak IT ETF","EQ","1.0000","1","ETF","E","NSE","50.6800","33.7900","","","1290441"
"21478","UTINEXT50","UTI Next 50 ETF","EQ","1.0000","1","ETF","E","NSE","91.2700","60.8400","","","1314474"
"3010","AXISTECETF","Axis Technology ETF","EQ","1.0000","1","ETF","E","NSE","505.8000","337.2000","","","116761"
"3022","SDL26BEES","Nippon Nifty 2026 Maturity ETF","EQ","1.0000","1","ETF","E","NSE","148.1600","98.7700","","","809413"
"3172","GILT5YBEES","Nippon 5 Year Gilt ETF","EQ","1.0000","1","ETF","E","NSE","68.7700","45.8400","","","1018774"
"11006","LIQUIDBEES","Nippon LiquidBees ETF","EQ","1.0000","1","ETF","E","NSE","1050.0000","950.0000","","","99991"
"3507","MAFANG","Mirae Asset FANG+ETF","EQ","1.0000","1","ETF","E","NSE","108.8600","72.5700","","","1102153"
"3530","AXISBPSETF","Axis Bond Plus ETF","EQ","1.0000","1","ETF","E","NSE","14.3500","9.5600","","","8360738"
"3608","AXISHCETF","Axis Healthcare ETF","EQ","1.0000","1","ETF","E","NSE","167.6700","111.7800","","","47564"
"3626","HEALTHIETF","ICICI Prud HealthCare ETF","EQ","1.0000","1","ETF","E","NSE","168.3400","112.2300","","","303168"
"4973","PHARMABEES","Nippon Nifty Pharma","EQ","1.0000","1","ETF","E","NSE","26.9400","17.9600","","","4454263"
"5168","SBIETFCON","SBI Consumption ETF","EQ","1.0000","1","ETF","E","NSE","142.7000","95.1300","","","68775"
"5220","BFSI","Mirae Nifty Fin Serv ETF","EQ","1.0000","1","ETF","E","NSE","27.7600","18.5100","","","3442960"
"5732","AXISCETF","Axis Consumption ETF","EQ","1.0000","1","ETF","E","NSE","142.5300","95.0200","","","41020"
"5782","MASPTOP50","Mirae Asset S&P 500 Top 50 ETF","EQ","1.0000","1","ETF","E","NSE","50.9100","33.9400","","","2356685"
"6297","HEALTHY","ABSL Nifty Healthcare ETF","EQ","1.0000","1","ETF","E","NSE","16.9000","11.2700","","","747342"
"3001","BSE500IETF","ICICI BSE 500 ETF","EQ","1.0000","1","ETF","E","NSE","45.8100","30.5400","","","2355216"
"6446","CONSUMIETF","ICICI Prud Consumption ETF","EQ","1.0000","1","ETF","E","NSE","143.0700","95.3800","","","125489"
"6462","TECH","Aditya Birla Nifty IT ETF","EQ","1.0000","1","ETF","E","NSE","49.7800","33.1900","","","660697"
"6606","EQUAL50ADD","DSP Nifty 50 Eq Weight ETF","EQ","1.0000","1","ETF","E","NSE","379.4100","252.9400","","","203609"
"13987","ABSLBANETF","Aditya Birla Banking ETF","EQ","1.0000","1","ETF","E","NSE","60.6100","40.4000","","","1979765"
"24781","BSLNIFTY","Aditya Birla Sun Life Nifty 50 ETF","EQ","1.0000","1","ETF","E","NSE","33.2100","22.1400","","","3612324"
"23804","BSLGOLDETF","Aditya Birla Sun Life Gold ETF","EQ","1.0000","1","ETF","E","NSE","75.5700","50.3800","","","1587764"
"5957","BSLSENETFG","Aditya Birla Sensex ETF","EQ","1.0000","1","ETF","E","NSE","93.7200","62.4800","","","1280363"
"533408","BSLGOLDETF","Aditya Birla Sun Life Gold ETF","E","1.0000","1","ETF","E","BSE","75.5700","50.3800","","","-1"
"7339","ABSLNN50ET","Aditya Birla Sun Life Nifty Next 50 ETF","EQ","1.0000","1","ETF","E","NSE","89.0800","59.3900","","","235939"
"7074","MAHKTECH","Mirae Hang Seng Tech ETF","EQ","1.0000","1","ETF","E","NSE","14.6800","9.7900","","","6308217"
"7196","BBETF0432","Bharat Bond April 2032 ETF","EQ","1.0000","1","ETF","E","NSE","1405.5900","937.0600","","","85324"
"590099","QGOLDHALF","Quantum Gold ETF","E","1.0000","1","ETF","E","BSE","70.9800","47.3200","","","-1"
"15330","QGOLDHALF","Quantum Gold ETF","EQ","1.0000","1","ETF","E","NSE","70.9800","47.3200","","","1135342"
"7422","MONQ50","Motilal Oswal Nasdaq Q 50 ETF","EQ","1.0000","1","ETF","E","NSE","73.7600","49.1700","","","303293"
"7412","ALPHA","Kotak Nifty Alpha 50 ETF","EQ","1.0000","1","ETF","E","NSE","66.2400","44.1600","","","1652224"
"7451","NIFTY50ADD","DSP Nifty 50 ETF","EQ","1.0000","1","ETF","E","NSE","298.6400","199.0900","","","401804"
"7456","MIDQ50ADD","DSP Nifty Midcap 150 ETF","EQ","1.0000","1","ETF","E","NSE","299.2900","199.5200","","","126924"
"590098","SETFGOLD","SBI Gold ETF","E","1.0000","1","ETF","E","BSE","73.5600","49.0400","","","-1"
"17272","SETFGOLD","SBI Gold ETF","EQ","1.0000","1","ETF","E","NSE","73.5600","49.0400","","","1630957"
"7880","AUTOBEES","NIPPONAMC - NETFAUTO","EQ","1.0000","1","ETF","E","NSE","307.4200","204.9500","","","291111"
"543452","SILVERIETF","ICICI Prudential Silver ETF","E","1.0000","1","ETF","E","BSE","98.6000","65.7300","","","-1"
"7942","SILVERIETF","ICICI Prudential Silver ETF","EQ","1.0000","1","ETF","E","NSE","98.6000","65.7300","","","1216869"
"7979","MAKEINDIA","MIRAEAMC - MAMFGETF","EQ","1.0000","1","ETF","E","NSE","176.7300","117.8200","","","464184"
"8003","SILVER","BIRLASLAMC - SILVER","EQ","1.0000","1","ETF","E","NSE","98.6500","65.7600","","","1216395"
"8077","MIDCAP","KOTAKMAMC - KOTAKMID50","EQ","1.0000","1","ETF","E","NSE","193.8200","129.2100","","","67242"
"8080","SILVERBEES","NIPPONAMC - NETFSILVER","EQ","1.0000","1","ETF","E","NSE","95.1000","63.4000","","","1261514"
"543471","SILVER","Aditya Birla Sun Life Mut","E","1.0000","1","ETF","E","BSE","98.6500","65.7600","","","-1"
"8342","GSEC5IETF","ICICIPRAMC - ICICI5GSEC","EQ","1.0000","1","ETF","E","NSE","68.8300","45.8800","","","448279"
"8413","MIDCAPETF","Mirae Nifty Midcap 150 ETF","EQ","1.0000","1","ETF","E","NSE","25.3900","16.9200","","","4725540"
"8632","LOWVOL1","KOTAKMAMC - KOTAKLOVOL","EQ","1.0000","1","ETF","E","NSE","24.4500","16.3000","","","2197723"
"8882","TNIDETF","TATAAML - TNIDETF","EQ","1.0000","1","ETF","E","NSE","110.6500","73.7600","","","369829"
"10512","CONS","KOTAKMAMC - KOTAKCONS","EQ","1.0000","1","ETF","E","NSE","141.6900","94.4600","","","6222"
"10508","MOHEALTH","MOTILALAMC - MOHEALTH","EQ","1.0000","1","ETF","E","NSE","49.3800","32.9200","","","119862"
"10585","MOM30IETF","ICICIPRAMC - ICICIMOM30","EQ","1.0000","1","ETF","E","NSE","42.9600","28.6400","","","2585285"
"8654","MOLOWVOL","MOTILALAMC - MOLOWVOL","EQ","1.0000","1","ETF","E","NSE","45.3700","30.2400","","","650375"
"8182","MOMOMENTUM","MOTILALAMC - MOMOMENTUM","EQ","1.0000","1","ETF","E","NSE","85.5000","57.0000","","","471860"
"10676","MNC","KOTAKMAMC - KOTAKMNC","EQ","1.0000","1","ETF","E","NSE","36.5800","24.3900","","","245428"
"10690","NIFTYQLITY","BIRLASLAMC - NIFTYQLITY","EQ","1.0000","1","ETF","E","NSE","26.6200","17.7500","","","666956"
"10693","MOMENTUM","BIRLASLAMC - MOMENTUM","EQ","1.0000","1","ETF","E","NSE","42.6800","28.4500","","","610662"
"10723","INFRAIETF","ICICIPRAMC - ICICIINFRA","EQ","1.0000","1","ETF","E","NSE","110.7600","73.8400","","","457507"
"543572","SILVERADD","DSP Mutual Fund","E","1.0000","1","ETF","E","BSE","95.4100","63.6000","","","-1"
"10761","SILVERADD","DSPAMC - DSPSILVETF","EQ","1.0000","1","ETF","E","NSE","95.4100","63.6000","","","697228"
"10822","MOQUALITY","MOTILALAMC - MOQUALITY","EQ","1.0000","1","ETF","E","NSE","250.4800","166.9900","","","28627"
"10825","MOVALUE","MOTILALAMC - MOVALUE","EQ","1.0000","1","ETF","E","NSE","124.7800","83.1900","","","356988"
"11037","BANKIETF","ICICI Prudential Banking ETF","EQ","1.0000","1","ETF","E","NSE","60.6900","40.4600","","","1976608"
"22365","ITIETF","ICICI Prudential IT ETF","EQ","1.0000","1","ETF","E","NSE","50.9100","33.9400","","","2356745"
"10876","HDFCSILVER","HDFCAMC - HDFCSILVER","EQ","1.0000","1","ETF","E","NSE","95.1600","63.4400","","","1035322"
"543592","HDFCSILVER","HDFC Mutual Fund","E","1.0000","1","ETF","E","BSE","95.1600","63.4400","","","-1"
"11193","AXISILVER","AXISAMC - AXISILVER","EQ","1.0000","1","ETF","E","NSE","98.4700","65.6400","","","474700"
"11241","HDFCGROWTH","HDFCAMC - HDFCGROWTH","EQ","1.0000","1","ETF","E","NSE","149.0500","99.3600","","","32173"
"11260","HDFCVALUE","HDFCAMC - HDFCVALUE","EQ","1.0000","1","ETF","E","NSE","168.4900","112.3200","","","72960"
"11255","HDFCQUAL","HDFCAMC - HDFCQUAL","EQ","1.0000","1","ETF","E","NSE","71.1800","47.4500","","","72326"
"12578","FINIETF","ICICIPRAMC-ICICIFIN","EQ","1.0000","1","ETF","E","NSE","29.6600","19.7700","","","1136787"
"13082","SILVER1","KOTAKMAMC - KOTAKSILVE","EQ","1.0000","1","ETF","E","NSE","96.0300","64.0200","","","1249495"
"13139","EBBETF0433","EDELAMC - EBBETF0433","EQ","1.0000","1","ETF","E","NSE","1367.6800","911.7900","","","87700"
"13143","GSEC10IETF","ICICIPRAMC - ICICI10GS","EQ","1.0000","1","ETF","E","NSE","283.2200","188.8100","","","423680"
"13198","COMMOIETF","ICICIPRAMC - ICICICOMMO","EQ","1.0000","1","ETF","E","NSE","109.4100","72.9400","","","131313"
"13644","BANKETFADD","DSPAMC - DSPBANKETF","EQ","1.0000","1","ETF","E","NSE","60.5200","40.3500","","","1982517"
"13950","LIQUID1","KOTAKMAMC - KOTAKLIQ","EQ","1.0000","1","ETF","E","NSE","1203.6300","802.4200","","","43236"
"14230","HDFCBSE500","HDFCAMC - HDFCBSE500","EQ","1.0000","1","ETF","E","NSE","43.5300","29.0200","","","136469"
"14233","HDFCSML250","HDFCAMC - HDFCSML250","EQ","1.0000","1","ETF","E","NSE","205.9600","137.3100","","","582614"
"14286","GOLDETF","MIRAEAMC - MAGOLDETF","EQ","1.0000","1","ETF","E","NSE","83.8000","55.8700","","","1431820"
"543781","GOLDETF","Mirae Asset Mutual Fund","E","1.0000","1","ETF","E","BSE","83.8000","55.8700","","","-1"
"14518","ABSLLIQUID","BIRLASLAMC - ABSLLIQUID","EQ","1.0000","1","ETF","E","NSE","1200.0000","800.0000","","","13994"
"14584","PSUBNKIETF","ICICIPRAMC - PSUBANKICI","EQ","1.0000","1","ETF","E","NSE","82.1000","54.7300","","","320015"
"14742","AXSENSEX","AXISAMC - AXSENSEX","EQ","1.0000","1","ETF","E","NSE","96.4500","64.3000","","","514705"
"14786","LOWVOL","MIRAEAMC - MANV30F","EQ","1.0000","1","ETF","E","NSE","240.2600","160.1700","","","17764"
"14938","GSEC10YEAR","MIRAEAMC - MAGS813ETF","EQ","1.0000","1","ETF","E","NSE","32.1100","21.4000","","","1035384"
"15085","SILVERETF","UTIAMC - SILVERETF","EQ","1.0000","1","ETF","E","NSE","96.0800","64.0500","","","428142"
"543900","SILVERETF","UTI Mutual Fund","E","1.0000","1","ETF","E","BSE","96.0800","64.0500","","","-1"
"15356","GOLDETFADD","DSPAMC - DSPGOLDETF","EQ","1.0000","1","ETF","E","NSE","83.7400","55.8300","","","1432810"
"543903","GOLDETFADD","DSP Mutual Fund","E","1.0000","1","ETF","E","BSE","83.7400","55.8300","","","-1"
"16777","SILVRETF","MIRAEAMC - MASILVER","EQ","1.0000","1","ETF","E","NSE","96.5000","64.3300","","","262027"
"543922","SILVRETF","Mirae Asset Mutual Fund","E","1.0000","1","ETF","E","BSE","96.5000","64.3300","","","-1"
"17207","ITETFADD","DSPAMC - DSPITETF","EQ","1.0000","1","ETF","E","NSE","48.5100","32.3400","","","318657"
"17419","BANKETF","MIRAEAMC - BANKETF","EQ","1.0000","1","ETF","E","NSE","601.7600","401.1700","","","81036"
"17572","LIQUID","MIRAEAMC - LIQUID","EQ","1.0000","1","ETF","E","NSE","1200.0000","800.0000","","","19622"
"17616","PSUBANKADD","DSPAMC - DSPPSBKETF","EQ","1.0000","1","ETF","E","NSE","81.4800","54.3200","","","191200"
"17576","PVTBANKADD","DSPAMC - DSPPVBKETF","EQ","1.0000","1","ETF","E","NSE","30.0700","20.0400","","","2316433"
"17613","SENSEXADD","DSPAMC - DSPSENXETF","EQ","1.0000","1","ETF","E","NSE","95.9700","63.9800","","","31313"
"18279","HDFCLIQUID","HDFCAMC - HDFCLIQUID","EQ","1.0000","1","ETF","E","NSE","1200.0000","800.0000","","","7220"
"18347","NIFMID150","UTIAMC - NIFMID150","EQ","1.0000","1","ETF","E","NSE","251.6600","167.7700","","","9380"
"18668","NAVINIFTY","NAVIAMC - NAVINIFTY","EQ","1.0000","1","ETF","E","NSE","292.4700","194.9800","","","9561"
"10511","UTINIFTETF","UTI Nifty ETF","EQ","1.0000","1","ETF","E","NSE","314.2000","209.4700","","","380958"
"19237","MONIFTY500","MOTILALAMC - MONIFTY500","EQ","1.0000","1","ETF","E","NSE","27.4000","18.2700","","","990809"
"19224","SENSEXETF","MIRAEAMC - SENSEXETF","EQ","1.0000","1","ETF","E","NSE","95.9600","63.9700","","","63605"
"10633","HDFCNIF100","HDFCAMC - HDFCNIF100","EQ","1.0000","1","ETF","E","NSE","30.7400","20.4900","","","616064"
"14236","HDFCMID150","HDFCAMC - HDFCMID150","EQ","1.0000","1","ETF","E","NSE","25.2300","16.8200","","","1440421"
"11538","HDFCMOMENT","HDFCAMC - HDFCMOMENT","EQ","1.0000","1","ETF","E","NSE","42.4400","28.2900","","","942287"
"10619","HDFCNEXT50","HDFCAMC - HDFCNEXT50","EQ","1.0000","1","ETF","E","NSE","86.7600","57.8400","","","431623"
"11547","HDFCLOWVOL","HDFCAMC - HDFCLOWVOL","EQ","1.0000","1","ETF","E","NSE","24.0000","16.0000","","","551881"
"19640","ALPHAETF","MIRAEAMC - ALPHAETF","EQ","1.0000","1","ETF","E","NSE","33.5000","22.3300","","","2763060"
"19633","ITETF","MIRAEAMC - ITETF","EQ","1.0000","1","ETF","E","NSE","48.5000","32.3300","","","803921"
"19705","LIQUIDSBI","SBIAMC - LIQUIDSBI","EQ","1.0000","1","ETF","E","NSE","1200.0000","800.0000","","","39757"
"19933","EGOLD","EDELAMC - EGOLD","EQ","5.0000","1","ETF","E","NSE","86.5000","57.7000","","","246808"
"20257","ESILVER","EDELAMC - ESILVER","EQ","1.0000","1","ETF","E","NSE","99.2800","66.1900","","","213107"
"544043","BBNPPGOLD","BARODA BNP PARIBAS MUTUAL","E","1.0000","1","ETF","E","BSE","83.7700","55.8400","","","-1"
"20547","BBNPPGOLD","BARODABNP - BBNPPGOLD","EQ","5.0000","1","ETF","E","NSE","83.7500","55.8500","","","316513"
"21428","TATSILV","TATAAML-TATSILV","EQ","1.0000","1","ETF","E","NSE","9.6400","6.4300","","","3618328"
"21401","TATAGOLD","TATAAML-TATAGOLD","EQ","1.0000","1","ETF","E","NSE","8.3600","5.5700","","","8125269"
"21750","LIQUIDCASE","ZERODHAAMC - LIQUIDCASE","EQ","1.0000","1","ETF","E","NSE","124.5300","83.0200","","","963459"
"21986","BANKBETF","BFAM - BANKBETF","EQ","1.0000","1","ETF","E","NSE","60.0600","40.0400","","","1482907"
"21959","NIFTYBETF","BFAM - NIFTYBETF","EQ","1.0000","1","ETF","E","NSE","291.8200","194.5500","","","207993"
"22488","NIFITETF","UTIAMC - NIFITETF","EQ","1.0000","1","ETF","E","NSE","481.4500","320.9600","","","4491"
"22524","NIF10GETF","UTIAMC - NIF10GETF","EQ","1.0000","1","ETF","E","NSE","28.6000","19.0700","","","7969"
"22521","NIF5GETF","UTIAMC - NIF5GETF","EQ","1.0000","1","ETF","E","NSE","69.2500","46.1600","","","4693"
"11593","HDFCSENSEX","HDFCSENSEX","EQ","1.0000","1","ETF","E","NSE","105.4600","70.3100","","","1137704"
"12101","HDFCNIFIT","HDFCAMC - HDFCNIFIT","EQ","1.0000","1","ETF","E","NSE","48.9800","32.6500","","","985796"
"22433","HDFCNIFBAN","HDFCNIFBAN","EQ","1.0000","1","ETF","E","NSE","60.8600","40.5700","","","1971604"
"12108","HDFCPVTBAN","HDFCAMC - HDFCPVTBAN","EQ","1.0000","1","ETF","E","NSE","30.1800","20.1200","","","3975916"
"22592","HEALTHADD","DSPAMC - HEALTHADD","EQ","1.0000","1","ETF","E","NSE","165.8700","110.5800","","","24030"
"22595","HDFCPSUBK","HDFCAMC HDFCPSUBK","EQ","1.0000","1","ETF","E","NSE","81.7800","54.5200","","","105372"
"22722","LICNMID100","LICNAMC - LICNMID100","EQ","1.0000","1","ETF","E","NSE","67.8900","45.2600","","","1767375"
"22832","SMALLCAP","MIRAEAMC - SMALLCAP","EQ","1.0000","1","ETF","E","NSE","60.5100","40.3400","","","1982911"
"17475","NV20IETF","ICICI Prudential NV20 ETF","EQ","1.0000","1","ETF","E","NSE","18.2700","12.1800","","","3269281"
"7844","AUTOIETF","ICICIPRAMC - ICICIAUTO","EQ","1.0000","1","ETF","E","NSE","30.7400","20.4900","","","1093982"
"22901","GOLDCASE","ZERODHAAMC - GOLDCASE","EQ","1.0000","1","ETF","E","NSE","13.5600","9.0400","","","2039711"
"21254","LOWVOLIETF","ICICI Pru Nifty Low 30 ETF","EQ","1.0000","1","ETF","E","NSE","25.8300","17.2200","","","4643961"
"11386","PVTBANIETF","ICICI Pru Private Banks ETF","EQ","1.0000","1","ETF","E","NSE","29.9200","19.9500","","","4008989"
"544132","GOLDCASE","Zerodha Mutual Fund","E","1.0000","1","ETF","E","BSE","13.5600","9.0400","","","-1"
"23184","MOREALTY","MOTILALAMC - MOREALTY","EQ","1.0000","1","ETF","E","NSE","122.8300","81.8800","","","23543"
"23181","MOSMALL250","MOTILALAMC - MOSMALL250","EQ","1.0000","1","ETF","E","NSE","20.5600","13.7100","","","137339"
"23407","LIQUIDADD","DSPAMC - LIQUIDADD","EQ","1.0000","1","ETF","E","NSE","1230.3800","820.2500","","","3410"
"22344","ALPL30IETF","ICICI Prudential Alpha Low ETF","EQ","1.0000","1","ETF","E","NSE","35.9800","23.9900","","","3334242"
"17152","MIDCAPIETF","ICICI Pru Midcap 150 ETF","EQ","1.0000","1","ETF","E","NSE","25.7200","17.1500","","","4664075"
"17702","MIDSELIETF","ICICI Prudential Midcap ETF","EQ","1.0000","1","ETF","E","NSE","21.2400","14.1600","","","1262046"
"5306","FMCGIETF","ICICI Prud FMCG ETF","EQ","1.0000","1","ETF","E","NSE","77.0700","51.3800","","","1556893"
"30392","NIF100IETF","ICICI Prudential Nifty 100 ETF","EQ","1.0000","1","ETF","E","NSE","33.3000","22.2000","","","1064619"
"17808","QUAL30IETF","ICICIPRAMC - ICICIQTY30","EQ","1.0000","1","ETF","E","NSE","26.3800","17.5900","","","1117194"
"23806","ABSLPSE","BIRLASLAMC-ABSLPSE","EQ","1.0000","1","ETF","E","NSE","13.1800","8.7900","","","824073"
"23855","MIDSMALL","MIRAEAMC - MIDSMALL","EQ","1.0000","1","ETF","E","NSE","62.7200","41.8100","","","240888"
"23915","LIQUIDBETF","BFAM - LIQUIDBETF","EQ","1.0000","1","ETF","E","NSE","1200.0000","800.0000","","","3269"
"24081","TOP100CASE","ZERODHAAMC - TOP100CASE","EQ","1.0000","1","ETF","E","NSE","12.4300","8.2800","","","499100"
"24077","MID150CASE","ZERODHAAMC - MID150CASE","EQ","1.0000","1","ETF","E","NSE","12.3700","8.2400","","","474284"
"24117","BBNPNBETF","BARODABNP - BBNPNBETF","EQ","1.0000","1","ETF","E","NSE","59.6500","39.7600","","","117300"
"544206","SBISILVER","SBI Mutual Fund","E","1.0000","1","ETF","E","BSE","97.2400","64.8300","","","-1"
"24366","SBISILVER","SBIAMC - SBISILVER","EQ","1.0000","1","ETF","E","NSE","97.2400","64.8300","","","80478"
"24374","LIQUIDSHRI","SHRIRAM - LIQUIDSHRI","EQ","1.0000","1","ETF","E","NSE","1208.9100","805.9400","","","6053"
"24404","ABGSEC","BIRLASLAMC - ABGSEC","EQ","1.0000","1","ETF","E","NSE","121.9000","81.2700","","","34469"
"24461","EVINDIA","MIRAEAMC - EVINDIA","EQ","1.0000","1","ETF","E","NSE","38.8000","25.8700","","","867688"
"24524","SBINEQWETF","SBIAMC - SBINEQWETF","EQ","1.0000","1","ETF","E","NSE","36.9800","24.6500","","","200844"
"24533","OILIETF","ICICIPRAMC - OILIETF","EQ","1.0000","1","ETF","E","NSE","15.3900","10.2600","","","500905"
"24798","GROWEV","GROWWAMC - GROWEV","EQ","1.0000","1","ETF","E","NSE","38.7700","25.8400","","","584880"
